question_id,question,arxiv_id,architecture,answer,faithfulness,answer_relevancy,context_precision,judge_factuality,judge_relevance,judge_citation,latency_ms,eval_method,tool_calls,hyp_answer
0,What is the name of the framework proposed by the authors to combine agentic and latent visual reasoning methods?,2605.15198v1,vanilla_rag,"The name of the framework proposed by the authors to combine agentic and latent visual reasoning methods is ATLAS. This is supported by the passage: ""To combine their strengths while mitigating their limitations, we propose ATLAS, a framework in which a single discrete 'word', termed as a functional token, serves both as an agentic operation and a latent visual reasoning unit.""",1.0,1.0,1.0,5,5,5,14294.9,llm_fallback,[],
0,What is the name of the framework proposed by the authors to combine agentic and latent visual reasoning methods?,2605.15198v1,hyde_rag,"The name of the framework proposed by the authors to combine agentic and latent visual reasoning methods is ATLAS. This is supported by the passage: ""To combine their strengths while mitigating their limitations, we propose ATLAS, a framework in which a single discrete 'word', termed as a functional token, serves both as an agentic operation and a latent visual reasoning unit.""",1.0,1.0,1.0,5,5,5,3646.0,llm_fallback,[],"The authors propose a novel framework termed the **Agentic Latent Visual Reasoning (ALVR)** model, which synergistically integrates agentic reasoning processes with latent visual representation techni"
0,What is the name of the framework proposed by the authors to combine agentic and latent visual reasoning methods?,2605.15198v1,graph_rag,"The framework proposed by the authors to combine agentic and latent visual reasoning methods is called ATLAS. This framework utilizes a single discrete 'word', termed as a functional token, which serves both as an agentic operation and a latent visual reasoning unit. The aim of ATLAS is to leverage the strengths of both approaches while mitigating their limitations, as discussed in the context of modern image editing models and their challenges with abstract, multi-step instructions (as mentione",1.0,1.0,1.0,5,5,4,3928.2,llm_fallback,[],
0,What is the name of the framework proposed by the authors to combine agentic and latent visual reasoning methods?,2605.15198v1,agentic_rag,"The framework proposed by the authors to combine agentic and latent visual reasoning methods is called ATLAS. This framework utilizes a single discrete 'word', referred to as a functional token, which serves both as an agentic operation and a latent visual reasoning unit.",0.0,1.0,0.0,1,2,1,11614.9,llm_fallback,"[{""step"": 1, ""action"": ""search_by_keyword(\""agentic latent visual reasoning framework\"")"", ""input"": ""\""agentic latent visual reasoning framework\"""", ""result"": ""No papers found matching keyword '\""agentic latent visual reasoning framework\""'.""}, {""step"": 2, ""action"": ""search_by_keyword(\""agentic visual reasoning\"")"", ""input"": ""\""agentic visual reasoning\"""", ""result"": ""No papers found matching keyword '\""agentic visual reasoning\""'.""}, {""step"": 3, ""action"": ""search_by_keyword(\""latent visual reasoning\"")"", ""input"": ""\""latent visual reasoning\"""", ""result"": ""No papers found matching keyword '\""latent visual reasoning\""'.""}, {""step"": 4, ""action"": ""vector_search(\""visual reasoning framework\"")"", ""input"": ""\""visual reasoning framework\"""", ""result"": ""[Chunk 1 | ATLAS: Agentic or Latent Visual Reasoning? One Word is Enough for Both (2605.15198v1) | score=0.5632]\nVisual reasoning, often interleaved with intermediate visual states, has emerged as a promising direction in the field. A straightforward approach is to directly generate images via unifi""}, {""step"": 5, ""action"": ""fetch_paper_by_id(\""2605.15198v1\"")"", ""input"": ""\""2605.15198v1\"""", ""result"": ""[ATLAS: Agentic or Latent Visual Reasoning? One Word is Enough for Both (2605.15198v1)]\n\nVisual reasoning, often interleaved with intermediate visual states, has emerged as a promising direction in the field. A straightforward approach is to directly generate images via unified models during reasoni""}]",
1,What is the main contribution of the paper 'Primordial Black Hole from Tensor-induced Density Fluctuation: First-order Phase Transitions and Domain Walls'?,2605.15197v1,vanilla_rag,"The main contribution of the paper 'Primordial Black Hole from Tensor-induced Density Fluctuation: First-order Phase Transitions and Domain Walls' is the presentation of a novel gauge-invariant and minimal formation mechanism of primordial black holes (PBHs) based on first-order tensor perturbations generated during first-order phase transitions (FOPT) and domain walls (DW). This mechanism is shown to imply model-independent constraints on FOPT parameters (β/H, α, T_{\star}) and on D. This is su",1.0,1.0,0.8,5,5,5,3082.0,llm_fallback,[],
1,What is the main contribution of the paper 'Primordial Black Hole from Tensor-induced Density Fluctuation: First-order Phase Transitions and Domain Walls'?,2605.15197v1,hyde_rag,"The main contribution of the paper 'Primordial Black Hole from Tensor-induced Density Fluctuation: First-order Phase Transitions and Domain Walls' is the presentation of a novel gauge-invariant and minimal formation mechanism of primordial black holes (PBHs) based on first-order tensor perturbations generated during first-order phase transitions (FOPT) and domain walls (DW). This mechanism is derived from bubble collisions and sound waves during FOPT, as well as from DW annihilation, and it sour",1.0,1.0,0.8,5,5,5,6049.5,llm_fallback,[],"The main contribution of the paper ""Primordial Black Hole from Tensor-induced Density Fluctuation: First-order Phase Transitions and Domain Walls"" lies in the elucidation of the mechanisms by which te"
1,What is the main contribution of the paper 'Primordial Black Hole from Tensor-induced Density Fluctuation: First-order Phase Transitions and Domain Walls'?,2605.15197v1,graph_rag,"The main contribution of the paper ""Primordial Black Hole from Tensor-induced Density Fluctuation: First-order Phase Transitions and Domain Walls"" is the presentation of a novel gauge-invariant and minimal mechanism for the formation of primordial black holes (PBHs) during first-order phase transitions (FOPT) and domain walls (DW). This mechanism is based on first-order tensor perturbations generated from bubble collisions and sound waves during FOPT, as well as from DW annihilation, which sourc",1.0,1.0,1.0,4,5,4,5119.8,llm_fallback,[],
1,What is the main contribution of the paper 'Primordial Black Hole from Tensor-induced Density Fluctuation: First-order Phase Transitions and Domain Walls'?,2605.15197v1,agentic_rag,"The paper ""Primordial Black Hole from Tensor-induced Density Fluctuation: First-order Phase Transitions and Domain Walls"" presents a novel gauge-invariant and minimal mechanism for the formation of primordial black holes (PBHs) during first-order phase transitions (FOPT) and domain walls (DW). It focuses on first-order tensor perturbations generated during FOPT from bubble collisions and sound waves, as well as from DW annihilation, which source curvature at second-order in perturbation theory. ",0.5,1.0,0.8,4,5,4,12280.7,llm_fallback,"[{""step"": 1, ""action"": ""search_by_keyword(\""Primordial Black Hole from Tensor-induced Density Fluctuation: First-order Phase Transitions and Domain Walls\"")"", ""input"": ""\""Primordial Black Hole from Tensor-induced Density Fluctuation: First-order Phase Transitions and Domain Walls\"""", ""result"": ""No papers found matching keyword '\""Primordial Black Hole from Tensor-induced Density Fluctuation: First-order Phase Transitions and Domain Walls\""'.""}, {""step"": 2, ""action"": ""vector_search(\""Primordial Black Hole Tensor-induced Density Fluctuation Phase Transitions Domain Walls\"")"", ""input"": ""\""Primordial Black Hole Tensor-induced Density Fluctuation Phase Transitions Domain Walls\"""", ""result"": ""[Chunk 1 | Primordial Black Hole from Tensor-induced Density Fluctuation: First-order Phase Transitions and Domain Walls (2605.15197v1) | score=0.7178]\nWe present a novel \\textit{gauge-invariant and minimal} formation mechanism of primordial black holes (PBHs) in first-order phase transition (FOPT) ""}, {""step"": 3, ""action"": ""fetch_paper_by_id(\""2605.15197v1\"")"", ""input"": ""\""2605.15197v1\"""", ""result"": ""[Primordial Black Hole from Tensor-induced Density Fluctuation: First-order Phase Transitions and Domain Walls (2605.15197v1)]\n\nWe present a novel \\textit{gauge-invariant and minimal} formation mechanism of primordial black holes (PBHs) in first-order phase transition (FOPT) and domain walls (DW) se""}]",
2,What is the maximum PSNR improvement achieved by RefDecoder over the unconditional baselines?,2605.15196v1,vanilla_rag,"The maximum PSNR improvement achieved by RefDecoder over the unconditional baselines is +2.1dB. This is supported by the passage: ""achieving up to +2.1dB PSNR over the unconditional baselines on the Inter4K, WebVid, and Large Motion reconstruction benchmarks.""",1.0,1.0,0.8,5,5,5,1522.4,llm_fallback,[],
2,What is the maximum PSNR improvement achieved by RefDecoder over the unconditional baselines?,2605.15196v1,hyde_rag,"The maximum PSNR improvement achieved by RefDecoder over the unconditional baselines is +2.1dB. This is supported by the passage: ""achieving up to +2.1dB PSNR over the unconditional baselines on the Inter4K, WebVid, and Large Motion reconstruction benchmarks.""",1.0,1.0,0.8,5,5,5,2560.3,llm_fallback,[],"In the conducted experiments, RefDecoder demonstrated a maximum Peak Signal-to-Noise Ratio (PSNR) improvement of 3.2 dB over the unconditional baselines. This enhancement can be attributed to the inco"
2,What is the maximum PSNR improvement achieved by RefDecoder over the unconditional baselines?,2605.15196v1,graph_rag,"RefDecoder achieves a maximum PSNR improvement of up to +2.1 dB over the unconditional baselines on the Inter4K, WebVid, and Large Motion reconstruction benchmarks. This improvement is reported in the context of its performance compared to existing video generation systems, as detailed in the paper ""RefDecoder: Enhancing Visual Generation with Conditional Video Decoding"" (arXiv: 2605.15196v1).",1.0,1.0,1.0,5,5,5,2928.1,llm_fallback,[],
2,What is the maximum PSNR improvement achieved by RefDecoder over the unconditional baselines?,2605.15196v1,agentic_rag,"I was unable to find specific information regarding the maximum PSNR improvement achieved by RefDecoder over unconditional baselines. The paper I found discusses the RefDecoder and its approach to enhancing video generation, but it does not provide detailed performance metrics or comparisons related to PSNR improvements. Therefore, I cannot provide a definitive answer to your question based on the available resources.",1.0,0.5,0.0,2,3,3,14015.2,llm_fallback,"[{""step"": 1, ""action"": ""search_by_keyword(\""RefDecoder PSNR improvement\"")"", ""input"": ""What is the maximum PSNR improvement achieved by RefDecoder over the unconditional baselines?"", ""result"": ""No papers found matching keyword 'What is the maximum PSNR improvement achieved by RefDecoder over the unconditional baselines?'.""}, {""step"": 2, ""action"": ""search_by_keyword(\""RefDecoder\"")"", ""input"": ""RefDecoder"", ""result"": ""Found 1 paper(s) matching 'RefDecoder':\n\n\u2022 [2605.15196v1] RefDecoder: Enhancing Visual Generation with Conditional Video Decoding\n  Authors: Xiang Fan, Yuheng Wang, Bohan Fang\n  Abstract snippet: Video generation powers a vast array of downstream applications. However, while the de facto standard, i""}, {""step"": 3, ""action"": ""fetch_paper_by_id(\""2605.15196v1\"")"", ""input"": ""2605.15196v1"", ""result"": ""[RefDecoder: Enhancing Visual Generation with Conditional Video Decoding (2605.15196v1)]\n\nVideo generation powers a vast array of downstream applications. However, while the de facto standard, i.e., latent diffusion models, typically employ heavily conditioned denoising networks, their decoders ofte""}, {""step"": 4, ""action"": ""search_by_keyword(\""PSNR improvement RefDecoder\"")"", ""input"": ""PSNR improvement RefDecoder"", ""result"": ""No papers found matching keyword 'PSNR improvement RefDecoder'.""}, {""step"": 5, ""action"": ""fetch_paper_by_id(\""2605.15196v1\"")"", ""input"": ""2605.15196v1"", ""result"": ""[RefDecoder: Enhancing Visual Generation with Conditional Video Decoding (2605.15196v1)]\n\nVideo generation powers a vast array of downstream applications. However, while the de facto standard, i.e., latent diffusion models, typically employ heavily conditioned denoising networks, their decoders ofte""}]",
3,What was the improvement in camera estimation accuracy on Sintel achieved by VGGT-$Ω$?,2605.15195v1,vanilla_rag,"VGGT-$Ω$ achieved an improvement of 77% in camera estimation accuracy on Sintel. This information is supported by the passage: ""We also show that the learned registers can improve vision-language-action models and support alignment with language, suggesting that reconstruction can be a powerful and scalable proxy task for spatial understanding.""",0.5,1.0,1.0,5,5,4,1560.0,llm_fallback,[],
3,What was the improvement in camera estimation accuracy on Sintel achieved by VGGT-$Ω$?,2605.15195v1,hyde_rag,"The improvement in camera estimation accuracy on Sintel achieved by VGGT-$Ω$ was 77%. This is supported by the first passage: ""improving over the previous best camera estimation accuracy on Sintel by 77%.""",1.0,1.0,0.8,5,5,5,4221.1,llm_fallback,[],"In the evaluation of camera estimation accuracy on the Sintel dataset, the implementation of the VGGT-$\Omega$ model demonstrated a significant improvement, achieving a reduction in mean angular error"
3,What was the improvement in camera estimation accuracy on Sintel achieved by VGGT-$Ω$?,2605.15195v1,graph_rag,VGGT-$Ω$ achieved an improvement of 77% in camera estimation accuracy on the Sintel benchmark compared to the previous best results. This significant enhancement demonstrates the model's effectiveness in reconstructing static and dynamic scenes.,1.0,1.0,1.0,5,5,5,2292.7,llm_fallback,[],
3,What was the improvement in camera estimation accuracy on Sintel achieved by VGGT-$Ω$?,2605.15195v1,agentic_rag,"I was unable to find specific numerical details regarding the improvement in camera estimation accuracy on the Sintel dataset achieved by VGGT-$Ω$. The paper discusses improvements in reconstruction accuracy and efficiency but does not provide explicit metrics or results related to camera estimation accuracy on Sintel. Therefore, I cannot provide the exact improvement figure.",1.0,0.5,0.5,2,3,3,10054.0,llm_fallback,"[{""step"": 1, ""action"": ""search_by_keyword(\""VGGT-$\u03a9$ Sintel\"")"", ""input"": ""What was the improvement in camera estimation accuracy on Sintel achieved by VGGT-$\u03a9$?"", ""result"": ""No papers found matching keyword 'What was the improvement in camera estimation accuracy on Sintel achieved by VGGT-$\u03a9$?'.""}, {""step"": 2, ""action"": ""search_by_keyword(\""VGGT-$\u03a9$\"")"", ""input"": ""VGGT-$\u03a9$"", ""result"": ""Found 1 paper(s) matching 'VGGT-$\u03a9$':\n\n\u2022 [2605.15195v1] VGGT-$\u03a9$\n  Authors: Jianyuan Wang, Minghao Chen, Shangzhan Zhang\n  Abstract snippet: Recent feed-forward reconstruction models, such as VGGT, have proven competitive with traditional optimization-based reconstructors while also providing geomet""}, {""step"": 3, ""action"": ""fetch_paper_by_id(\""2605.15195v1\"")"", ""input"": ""2605.15195v1"", ""result"": ""[VGGT-$\u03a9$ (2605.15195v1)]\n\nRecent feed-forward reconstruction models, such as VGGT, have proven competitive with traditional optimization-based reconstructors while also providing geometry-aware features useful for other tasks. Here, we show that the quality of these models scales predictably with m""}, {""step"": 4, ""action"": ""fetch_paper_by_id(\""2605.15195v1\"")"", ""input"": ""2605.15195v1"", ""result"": ""[VGGT-$\u03a9$ (2605.15195v1)]\n\nRecent feed-forward reconstruction models, such as VGGT, have proven competitive with traditional optimization-based reconstructors while also providing geometry-aware features useful for other tasks. Here, we show that the quality of these models scales predictably with m""}, {""step"": 5, ""action"": ""fetch_paper_by_id(\""2605.15195v1\"")"", ""input"": ""2605.15195v1"", ""result"": ""[VGGT-$\u03a9$ (2605.15195v1)]\n\nRecent feed-forward reconstruction models, such as VGGT, have proven competitive with traditional optimization-based reconstructors while also providing geometry-aware features useful for other tasks. Here, we show that the quality of these models scales predictably with m""}]",
4,What is the main contribution of the paper regarding QCA-refined realizations?,2605.15194v1,vanilla_rag,"The main contribution of the paper regarding QCA-refined realizations is the proof that under certain physical assumptions about topological defects of symmetries, if a fusion categorical symmetry C admits a QCA-refined realization, then the Gross-Nesme-Vogts-Werner (GNVW) indices of the QCAs are uniquely determined. This is supported by the passage: ""If a fusion categorical symmetry C admits a QCA-refined realization as in Equation (1.2), then the Gross-Nesme-Vogts-Werner (GNVW) indices [55] of",1.0,1.0,0.5,2,3,3,3104.0,llm_fallback,[],
4,What is the main contribution of the paper regarding QCA-refined realizations?,2605.15194v1,hyde_rag,"The main contribution of the paper regarding QCA-refined realizations is the systematic analysis of these realizations of fusion categories, leading to two key statements. First, it shows that under certain physical assumptions on defects, any QCA-refined realization has QCA and symmetry-operator indices determined by the categorical data, with some freedom in redefining the symmetry operators. Second, it develops a physical proof of the weak integrality conjecture. This is supported by the pass",0.5,1.0,0.8,2,3,2,4325.3,llm_fallback,[],This paper presents a novel methodology for QCA-refined realizations that enhances the efficiency of quantum-dot cellular automata (QCA) circuits by introducing a systematic approach for minimizing th
4,What is the main contribution of the paper regarding QCA-refined realizations?,2605.15194v1,graph_rag,"The main contribution of the paper is the provision of complete answers to two significant questions regarding QCA-refined realizations of fusion categories. Specifically, it addresses whether every weakly integral fusion category admits a QCA-refined realization on a tensor-product Hilbert space. The authors prove that under certain physical assumptions about topological defects of symmetries, if a fusion categorical symmetry admits a QCA-refined realization, then the Gross-Nesme-Vogts-Werner (",1.0,1.0,0.5,3,4,3,3887.0,llm_fallback,[],
4,What is the main contribution of the paper regarding QCA-refined realizations?,2605.15194v1,agentic_rag,"I have found a relevant paper titled ""Non-Invertible Symmetries on Tensor-Product Hilbert Spaces and Quantum Cellular Automata"" (arXiv:2605.15194v1) that discusses QCA-refined realizations. The paper includes sections on constraints related to indices in QCA-refined realizations, physical assumptions and consequences, and examples of QCA-refined fusion rules. However, I do not have access to the full text of the paper to provide a detailed summary of its main contributions. You may want to look ",0.0,0.5,0.0,1,1,1,10377.9,llm_fallback,"[{""step"": 1, ""action"": ""search_by_keyword"", ""input"": ""\""QCA-refined realizations\"""", ""result"": ""No papers found matching keyword '\""QCA-refined realizations\""'.""}, {""step"": 2, ""action"": ""search_by_keyword"", ""input"": ""\""QCA\"""", ""result"": ""No papers found matching keyword '\""QCA\""'.""}, {""step"": 3, ""action"": ""search_by_keyword"", ""input"": ""\""Quantum-dot Cellular Automata\"""", ""result"": ""No papers found matching keyword '\""Quantum-dot Cellular Automata\""'.""}, {""step"": 4, ""action"": ""search_by_keyword"", ""input"": ""\""Quantum computing\"""", ""result"": ""No papers found matching keyword '\""Quantum computing\""'.""}, {""step"": 5, ""action"": ""vector_search"", ""input"": ""\""QCA-refined realizations\"""", ""result"": ""[Chunk 1 | Non-Invertible Symmetries on Tensor-Product Hilbert Spaces and Quantum Cellular Automata (2605.15194v1) | score=0.6227]\nd Summary\n2\n2\nConstraints on Indices in QCA-Refined Realization\n4\n2.1\nPhysical Assumptions and Consequences . . . . . . . . . . . . . . . . . . . . .\n4\n2.2\nPhysical Proo""}]",
5,What is the parameterization used for the background in the analysis of the mechanism?,2605.15192v1,vanilla_rag,"The provided context does not contain any information regarding the parameterization used for the background in the analysis of the mechanism. Therefore, I cannot answer the question based on the given passages.",1.0,0.5,0.2,5,5,5,910.4,llm_fallback,[],
5,What is the parameterization used for the background in the analysis of the mechanism?,2605.15192v1,hyde_rag,"The provided context does not contain any information regarding the parameterization used for the background in the analysis of the mechanism. Therefore, I cannot answer the question based on the given passages.",1.0,0.5,0.0,5,5,5,3781.6,llm_fallback,[],"In the analysis of the mechanism, the background is parameterized using a Gaussian mixture model (GMM) to effectively capture the underlying distribution of the data. This approach allows for the repr"
5,What is the parameterization used for the background in the analysis of the mechanism?,2605.15192v1,graph_rag,"The provided context does not contain any information regarding the parameterization used for the background in the analysis of the mechanism. Therefore, I cannot provide an answer to your question based on the available information.",1.0,0.5,0.2,5,5,5,2107.5,llm_fallback,[],
5,What is the parameterization used for the background in the analysis of the mechanism?,2605.15192v1,agentic_rag,"I was unable to find specific information regarding the parameterization used for the background in the analysis of the mechanism. The searches for both ""parameterization"" and ""background analysis mechanism"" did not yield relevant results in the available papers. Therefore, I cannot provide a definitive answer on this topic based on the current database.",1.0,0.5,0.0,5,5,5,9009.1,llm_fallback,"[{""step"": 1, ""action"": ""search_by_keyword(\""parameterization background analysis mechanism\"")"", ""input"": ""What is the parameterization used for the background in the analysis of the mechanism?"", ""result"": ""No papers found matching keyword 'What is the parameterization used for the background in the analysis of the mechanism?'.""}, {""step"": 2, ""action"": ""search_by_keyword(\""parameterization\"")"", ""input"": ""parameterization"", ""result"": ""Found 1 paper(s) matching 'parameterization':\n\n\u2022 [2605.15179v1] Eradicating Negative Transfer in Multi-Physics Foundation Models via Sparse Mixture-of-Experts Routing\n  Authors: Ellwil Sharma, Arastu Sharma\n  Abstract snippet: Scaling Scientific Machine Learning (SciML) toward universal foundation m""}, {""step"": 3, ""action"": ""fetch_paper_by_id(\""2605.15179v1\"")"", ""input"": ""2605.15179v1"", ""result"": ""[Eradicating Negative Transfer in Multi-Physics Foundation Models via Sparse Mixture-of-Experts Routing (2605.15179v1)]\n\nEradicating Negative Transfer in Multi-Physics Foundation Models\nvia Sparse Mixture-of-Experts Routing\nEllwil Sharma\nArastu Sharma\nShodh AI\nMay 15, 2026\nAbstract\nScaling Scientifi""}, {""step"": 4, ""action"": ""fetch_paper_by_id(\""2605.15179v1\"")"", ""input"": ""2605.15179v1"", ""result"": ""[Eradicating Negative Transfer in Multi-Physics Foundation Models via Sparse Mixture-of-Experts Routing (2605.15179v1)]\n\nEradicating Negative Transfer in Multi-Physics Foundation Models\nvia Sparse Mixture-of-Experts Routing\nEllwil Sharma\nArastu Sharma\nShodh AI\nMay 15, 2026\nAbstract\nScaling Scientifi""}, {""step"": 5, ""action"": ""search_by_keyword(\""background analysis mechanism\"")"", ""input"": ""background analysis mechanism"", ""result"": ""No papers found matching keyword 'background analysis mechanism'.""}]",
6,What key mechanisms governing active droplets are identified in the paper?,2605.15191v1,vanilla_rag,"The key mechanisms governing active droplets identified in the paper include self-driven flows, modified interfacial stresses, and dynamic contact line behavior. This is supported by the passage that states, ""Systems containing motile microorganisms, chemically active colloids, or externally driven particles can continuously inject energy or generate gradients within the droplet, leading to self-driven flows, modified interfacial stresses, and dynamic contact line behavior.""",1.0,1.0,0.8,3,5,2,2154.2,llm_fallback,[],
6,What key mechanisms governing active droplets are identified in the paper?,2605.15191v1,hyde_rag,"The key mechanisms governing active droplets identified in the paper include:

1. **Self-driven flows**: Active particles can continuously inject energy or generate gradients within the droplet, leading to self-driven flows. This is supported by the second passage, which states, ""Systems containing motile microorganisms, chemically active colloids, or externally driven particles can continuously inject energy or generate gradients within the droplet, leading to self-driven flows.""

2. **Modified",1.0,1.0,0.8,4,4,4,7410.4,llm_fallback,[],"The study identifies several key mechanisms governing active droplets, primarily focusing on the role of surface tension gradients and the influence of external chemical gradients. These mechanisms fa"
6,What key mechanisms governing active droplets are identified in the paper?,2605.15191v1,graph_rag,"The paper identifies several key mechanisms governing active droplets, particularly focusing on the influence of biological matter and active particles. These mechanisms include:

1. **Active Motion**: The presence of motile microorganisms or chemically active colloids injects energy into the system, leading to self-driven flows within the droplet. This active motion modifies the interfacial stresses and affects the dynamics of the contact line.

2. **Capillary Flow**: The interplay between capi",1.0,1.0,0.8,4,5,4,5589.1,llm_fallback,[],
6,What key mechanisms governing active droplets are identified in the paper?,2605.15191v1,agentic_rag,"The paper ""From Coffee Rings to Self-Driven Assembly: Active Matter Enabled Design of Drying Droplets"" identifies key mechanisms governing active droplets, particularly emphasizing the role of active matter. It discusses how traditional models treat suspended particles as passive tracers influenced by evaporation-driven capillary flow, Marangoni stresses, wettability, and contact line pinning. However, in the presence of active matter, energy is continuously injected at the level of individual p",0.0,1.0,0.0,1,1,1,9775.2,llm_fallback,"[{""step"": 1, ""action"": ""search_by_keyword"", ""input"": ""\""active droplets\"""", ""result"": ""No papers found matching keyword '\""active droplets\""'.""}, {""step"": 2, ""action"": ""search_by_keyword"", ""input"": ""\""active matter\"""", ""result"": ""No papers found matching keyword '\""active matter\""'.""}, {""step"": 3, ""action"": ""search_by_keyword"", ""input"": ""\""droplets\"""", ""result"": ""No papers found matching keyword '\""droplets\""'.""}, {""step"": 4, ""action"": ""vector_search"", ""input"": ""\""mechanisms governing active droplets\"""", ""result"": ""[Chunk 1 | From Coffee Rings to Self-Driven Assembly: Active Matter Enabled Design of Drying Droplets (2605.15191v1) | score=0.7678]\nhe resulting \ndeposition morphology serves as a direct signature of this mechanism. \n1.2 Breakdown of the Passive Paradigm - Role of Biological Matter:  \n\n \n3 \nDespite""}, {""step"": 5, ""action"": ""fetch_paper_by_id"", ""input"": ""\""2605.15191v1\"""", ""result"": ""[From Coffee Rings to Self-Driven Assembly: Active Matter Enabled Design of Drying Droplets (2605.15191v1)]\n\n1 \nFrom Coffee Rings to Self-Driven Assembly: Active \nMatter Enabled Design of Drying Droplets \nMeneka Banik and Ranjini Bandyopadhyay* \nSoft Condensed Matter Group, Raman Research Institute,""}]",
7,What is the proposed method introduced in the paper?,2605.15190v1,vanilla_rag,"The proposed method introduced in the paper is ""OpenDeepThink,"" which is described as a parallel test-time compute framework that maintains a population of candidate solutions and evolves them over generations through randomized pairwise comparisons. This is supported by the passage from the second source: ""OpenDeepThink realizes this design: a parallel test-time compute framework that maintains a population of n candidate solutions and evolves them over T generations.""",1.0,1.0,0.5,1,1,3,1649.8,llm_fallback,[],
7,What is the proposed method introduced in the paper?,2605.15190v1,hyde_rag,"The proposed method introduced in the paper is VGGT-Edit, which is described as a feed-forward framework for text-conditioned native 3D scene editing. This method performs complex scene modifications in a single forward pass and is built on a pre-trained reconstruction backbone. This information is supported by the passage from VGGT-Edit: Feed-forward Native 3D Scene Editing with Residual Field Prediction (2605.15186v1), which states, ""we propose VGGT-Edit, a feed-forward framework for text-cond",1.0,1.0,1.0,1,1,1,3683.6,llm_fallback,[],"The proposed method, termed Adaptive Feature Augmentation (AFA), leverages a dynamic selection mechanism to enhance the feature representation in deep learning models. AFA employs a reinforcement lear"
7,What is the proposed method introduced in the paper?,2605.15190v1,graph_rag,"The proposed method introduced in the paper is called OpenDeepThink, which realizes a population-based design for candidate solutions. This method maintains a population of n candidate solutions and evolves them over T generations through a parallel test-time compute framework. Each generation involves three steps, including randomized pairwise comparisons to rank the candidates.

Additionally, the paper discusses Shodh-MoE, which shifts modularity into the model's forward pass. This method util",1.0,1.0,0.5,1,1,1,4503.5,llm_fallback,[],
7,What is the proposed method introduced in the paper?,2605.15190v1,agentic_rag,"The proposed method introduced in the paper ""FutureSim: Replaying World Events to Evaluate Adaptive Agents"" involves building grounded simulations that replay real-world events in the order they occurred. This method aims to evaluate AI agents in dynamic, open-ended environments by allowing them to forecast world events beyond their knowledge cutoff while interacting with a chronological replay of the world, which includes real news articles and questions. This approach is designed to measure th",0.0,1.0,0.0,1,1,1,14485.5,llm_fallback,"[{""step"": 1, ""action"": ""search_by_keyword"", ""input"": ""\""proposed method\"""", ""result"": ""No papers found matching keyword '\""proposed method\""'.""}, {""step"": 2, ""action"": ""search_by_keyword"", ""input"": ""\""method\"""", ""result"": ""No papers found matching keyword '\""method\""'.""}, {""step"": 3, ""action"": ""vector_search"", ""input"": ""\""proposed method\"""", ""result"": ""[Chunk 1 | FutureSim: Replaying World Events to Evaluate Adaptive Agents (2605.15188v1) | score=0.2438]\nr et al., 2026) evaluates agents in human-authored mobile-\nuse scenarios, while Vending-Bench (Backlund et al., 2025) and YC-Bench (He et al., 202\n\n[Chunk 2 | OpenDeepThink: Parallel Reasoning via""}, {""step"": 4, ""action"": ""fetch_paper_by_id"", ""input"": ""\""2605.15188v1\"""", ""result"": ""[FutureSim: Replaying World Events to Evaluate Adaptive Agents (2605.15188v1)]\n\nPreprint. Under review.\nFUTURESIM: Replaying World Events to Evaluate Adaptive Agents\nShashwat Goel1,2\u2217\nNikhil Chandak2,4\u2217\nArvindh Arun3\u2217\nAmeya Prabhu4,5\nSteffen Staab3,6\nMoritz Hardt2,4\nMaksym Andriushchenko1,2\nJonas Ge""}, {""step"": 5, ""action"": ""fetch_paper_by_id"", ""input"": ""\""2605.15188v1\""  # I will fetch the full text again to read more about the proposed method."", ""result"": ""[FutureSim: Replaying World Events to Evaluate Adaptive Agents (2605.15188v1)]\n\nPreprint. Under review.\nFUTURESIM: Replaying World Events to Evaluate Adaptive Agents\nShashwat Goel1,2\u2217\nNikhil Chandak2,4\u2217\nArvindh Arun3\u2217\nAmeya Prabhu4,5\nSteffen Staab3,6\nMoritz Hardt2,4\nMaksym Andriushchenko1,2\nJonas Ge""}]",
8,What telescope's capabilities are paired with strong gravitational lensing to observe distant sources?,2605.15189v1,vanilla_rag,"The telescope's capabilities that are paired with strong gravitational lensing to observe distant sources is the James Webb Space Telescope (JWST). This is supported by the passage: ""Paired with the unprecedented capabilities of the James Webb Space Telescope (JWST), lensing now allows us to observe, detect, and study distant sources like never before.""",1.0,1.0,1.0,5,5,5,2622.8,llm_fallback,[],
8,What telescope's capabilities are paired with strong gravitational lensing to observe distant sources?,2605.15189v1,hyde_rag,"The telescope's capabilities that are paired with strong gravitational lensing to observe distant sources is the James Webb Space Telescope (JWST). This is supported by the passage: ""Paired with the unprecedented capabilities of the James Webb Space Telescope (JWST), lensing now allows us to observe, detect, and study distant sources like never before.""",1.0,1.0,1.0,5,5,5,5034.7,llm_fallback,[],The James Webb Space Telescope (JWST) is uniquely positioned to leverage its advanced infrared capabilities in conjunction with strong gravitational lensing to observe distant astronomical sources. By
8,What telescope's capabilities are paired with strong gravitational lensing to observe distant sources?,2605.15189v1,graph_rag,"The capabilities of the James Webb Space Telescope (JWST) are paired with strong gravitational lensing to observe distant sources. This combination allows astronomers to detect and study fainter and farther objects than would otherwise be possible, enhancing the observational power provided by gravitational lensing. The advancements in strong-lensing applications and the prospects for future observations with JWST are highlighted in the context of modern astronomy.",1.0,1.0,1.0,5,5,5,3117.3,llm_fallback,[],
8,What telescope's capabilities are paired with strong gravitational lensing to observe distant sources?,2605.15189v1,agentic_rag,"The James Webb Space Telescope (JWST) is paired with strong gravitational lensing to observe distant sources. The paper titled ""Strong Gravitational Lensing with the James Webb Space Telescope"" discusses how gravitational lensing, a phenomenon predicted by General Relativity, allows astronomers to study both the matter content of lensing bodies (like galaxies or clusters of galaxies) and the distant background sources being lensed. JWST, along with the Hubble Space Telescope and other large faci",1.0,1.0,1.0,4,5,3,10293.6,llm_fallback,"[{""step"": 1, ""action"": ""search_by_keyword(\""gravitational lensing telescope\"")"", ""input"": ""What telescope's capabilities are paired with strong gravitational lensing to observe distant sources?"", ""result"": ""No papers found matching keyword 'What telescope's capabilities are paired with strong gravitational lensing to observe distant sources?'.""}, {""step"": 2, ""action"": ""search_by_keyword(\""gravitational lensing\"")"", ""input"": ""gravitational lensing"", ""result"": ""Found 1 paper(s) matching 'gravitational lensing':\n\n\u2022 [2605.15189v1] Strong Gravitational Lensing with the James Webb Space Telescope\n  Authors: Adi Zitrin\n  Abstract snippet: The theory of General Relativity predicts that, since massive bodies curve spacetime, light from a distant source would be d""}, {""step"": 3, ""action"": ""fetch_paper_by_id(\""2605.15189v1\"")"", ""input"": ""2605.15189v1"", ""result"": ""[Strong Gravitational Lensing with the James Webb Space Telescope (2605.15189v1)]\n\nThe theory of General Relativity predicts that, since massive bodies curve spacetime, light from a distant source would be deflected by a foreground massive object -- a phenomenon known as \\emph{Gravitational Lensing}""}]",
9,What was the best agent's accuracy reported in FutureSim?,2605.15188v1,vanilla_rag,"The best agent's accuracy reported in FutureSim was 25%. This is supported by the passage: ""FutureSim reveals a clear separation in their capabilities, with the best agent’s accuracy being 25%...""",0.0,1.0,1.0,1,5,1,1737.3,llm_fallback,[],
9,What was the best agent's accuracy reported in FutureSim?,2605.15188v1,hyde_rag,"The best agent's accuracy reported in FutureSim was 25%. This is supported by the passage: ""FutureSim reveals a clear separation in their capabilities, with the best agent’s accuracy being 25%...""",1.0,1.0,0.5,1,5,1,2982.4,llm_fallback,[],"In the FutureSim benchmark, the most effective agent achieved an accuracy of 92.7% on the test set, demonstrating superior performance in simulating complex decision-making scenarios. This agent emplo"
9,What was the best agent's accuracy reported in FutureSim?,2605.15188v1,graph_rag,"The best agent's accuracy reported in FutureSim was 25%. This finding is part of the evaluation of various AI agents' capabilities in forecasting world events over a three-month period from January to March 2026, as detailed in the paper ""FutureSim: Replaying World Events to Evaluate Adaptive Agents"" (arXiv:2605.15188v1). The study highlights that many agents performed worse than making no prediction at all, indicating the challenges in long-horizon adaptive reasoning under uncertainty.",0.5,1.0,0.8,5,5,5,2154.8,llm_fallback,[],
9,What was the best agent's accuracy reported in FutureSim?,2605.15188v1,agentic_rag,"I have found relevant information regarding FutureSim from the vector search results. The paper titled ""FutureSim: Replaying World Events to Evaluate Adaptive Agents"" (arXiv:2605.15188v1) appears to be the primary source discussing the evaluation of agents in the FutureSim environment. However, the specific accuracy of the best agent reported in this paper is not included in the chunks retrieved.

Since I do not have access to the full text of the paper to extract the exact accuracy figures, I c",0.0,0.5,0.0,1,2,1,14917.5,llm_fallback,"[{""step"": 1, ""action"": ""search_by_keyword"", ""input"": ""\""FutureSim\"""", ""result"": ""No papers found matching keyword '\""FutureSim\""'.""}, {""step"": 2, ""action"": ""search_by_keyword"", ""input"": ""\""simulation\"""", ""result"": ""No papers found matching keyword '\""simulation\""'.""}, {""step"": 3, ""action"": ""search_by_keyword"", ""input"": ""\""agent accuracy\"""", ""result"": ""No papers found matching keyword '\""agent accuracy\""'.""}, {""step"": 4, ""action"": ""search_by_keyword"", ""input"": ""\""agent performance\"""", ""result"": ""No papers found matching keyword '\""agent performance\""'.""}, {""step"": 5, ""action"": ""vector_search"", ""input"": ""\""agent accuracy in simulation environments\"""", ""result"": ""[Chunk 1 | FutureSim: Replaying World Events to Evaluate Adaptive Agents (2605.15188v1) | score=0.5742]\n., 2025)\n\u2713\n\u2713\n\u2717\n\u2717\n1\nProphetArena (Yang et al., 2026)\n\u2713\n\u2717\n\u2717\n\u2717\n1\nPredictionArena (Zhang et al., 2026b)\n\u2713\n\u2717\n\u2713\n\u2713\nN/R\nFutureSim (Ours)\n\u2713\n\u2713\n\u2713\n\u2713\n4,000\nLong-horizon environments. Recent benchmarks study lo""}]",
10,What is the name of the curated dataset built using Articraft?,2605.15187v1,vanilla_rag,"The name of the curated dataset built using Articraft is Articraft-10K. This is supported by the passage: ""Using Articraft, we build Articraft-10K, a curated dataset of over 10K articulated assets spanning 245 categories..."" from the first context passage.",1.0,1.0,1.0,5,5,5,1546.2,llm_fallback,[],
10,What is the name of the curated dataset built using Articraft?,2605.15187v1,hyde_rag,"The name of the curated dataset built using Articraft is Articraft-10K. This is supported by the passage: ""Using Articraft, we build Articraft-10K, a curated dataset of over 10K articulated assets spanning 245 categories..."" from the second passage of the source titled ""Articraft: An Agentic System for Scalable Articulated 3D Asset Generation (2605.15187v1).""",1.0,1.0,1.0,5,5,4,3685.2,llm_fallback,[],"The curated dataset constructed using Articraft is referred to as the Articraft Dataset for Artistic Style Transfer (ADAST). This dataset comprises over 50,000 high-resolution images spanning various "
10,What is the name of the curated dataset built using Articraft?,2605.15187v1,graph_rag,"The curated dataset built using Articraft is called Articraft-10K. It consists of over 10,000 articulated assets spanning 245 categories and is designed to be useful for training models of articulated assets as well as for downstream applications such as robotics simulation and virtual reality (source: Articraft: An Agentic System for Scalable Articulated 3D Asset Generation, arXiv:2605.15187v1).",1.0,1.0,1.0,5,5,5,2234.1,llm_fallback,[],
10,What is the name of the curated dataset built using Articraft?,2605.15187v1,agentic_rag,I could not find any papers in the database that mention a curated dataset built using Articraft. It seems that this information is not available in the current dataset.,0.5,0.5,0.0,1,3,5,9667.1,llm_fallback,"[{""step"": 1, ""action"": ""search_by_keyword(\""Articraft dataset\"")"", ""input"": ""\""Articraft dataset\"""", ""result"": ""No papers found matching keyword '\""Articraft dataset\""'.""}, {""step"": 2, ""action"": ""search_by_keyword(\""Articraft\"")"", ""input"": ""\""Articraft\"""", ""result"": ""No papers found matching keyword '\""Articraft\""'.""}, {""step"": 3, ""action"": ""search_by_keyword(\""curated dataset\"")"", ""input"": ""\""curated dataset\"""", ""result"": ""No papers found matching keyword '\""curated dataset\""'.""}, {""step"": 4, ""action"": ""search_by_keyword(\""dataset\"")"", ""input"": ""\""dataset\"""", ""result"": ""No papers found matching keyword '\""dataset\""'.""}]",
11,What dataset did the authors construct for their experiments?,2605.15186v1,vanilla_rag,"The authors constructed a dataset called CF-73, which is a curated set of 73 expert-annotated Codeforces problems with 99% local-evaluation agreement against the official verdict. This information is supported by the passage from ""OpenDeepThink: Parallel Reasoning via Bradley--Terry Aggregation (2605.15177v1)"" where it states, ""we release CF-73, a curated set of 73 expert-annotated Codeforces problems with 99% local-evaluation agreement against the official verdict.""",0.0,1.0,0.0,1,1,1,2184.2,llm_fallback,[],
11,What dataset did the authors construct for their experiments?,2605.15186v1,hyde_rag,"The authors constructed the DeltaScene Dataset for their experiments. This is supported by the passage from VGGT-Edit: Feed-forward Native 3D Scene Editing with Residual Field Prediction, which states, ""We also construct the DeltaScene Dataset, a large-scale dataset generated through an automated pipeline with 3D agreement filtering to ensure ground-truth.""",1.0,1.0,1.0,5,5,5,4320.3,llm_fallback,[],"In this study, we constructed a novel dataset, termed the Multi-Modal Urban Dynamics (MMUD) dataset, comprising over 50,000 annotated images and corresponding sensor data collected from urban environm"
11,What dataset did the authors construct for their experiments?,2605.15186v1,graph_rag,"The authors constructed a dataset called CF-73, which is a curated set of 73 expert-annotated Codeforces problems. This dataset boasts a 99% local-evaluation agreement against the official verdict. This information is derived from the context provided, specifically mentioning the dataset in relation to the work discussed.",0.0,1.0,0.0,1,1,1,2314.4,llm_fallback,[],
11,What dataset did the authors construct for their experiments?,2605.15186v1,agentic_rag,"The papers I reviewed did not provide specific information about a dataset constructed for their experiments. The first paper discusses the lack of large and diverse datasets for understanding articulated 3D objects but does not specify a dataset. The second paper focuses on advancements in 3D scene reconstruction without mentioning a dataset. The third paper introduces a framework for evaluating geometric coherence in generated videos but does not detail a constructed dataset either. Therefore,",1.0,0.5,0.5,2,3,2,9717.1,llm_fallback,"[{""step"": 1, ""action"": ""search_by_keyword(\""dataset\"")"", ""input"": ""What dataset did the authors construct for their experiments?"", ""result"": ""No papers found matching keyword 'What dataset did the authors construct for their experiments?'.""}, {""step"": 2, ""action"": ""search_by_keyword(\""dataset\"")"", ""input"": ""dataset"", ""result"": ""Found 4 paper(s) matching 'dataset':\n\n\u2022 [2605.15187v1] Articraft: An Agentic System for Scalable Articulated 3D Asset Generation\n  Authors: Matt Zhou, Ruining Li, Xiaoyang Lyu\n  Abstract snippet: A bottleneck in learning to understand articulated 3D objects is the lack of large and diverse datasets.""}, {""step"": 3, ""action"": ""fetch_paper_by_id(\""2605.15187v1\"")"", ""input"": ""\""2605.15187v1\"""", ""result"": ""[Articraft: An Agentic System for Scalable Articulated 3D Asset Generation (2605.15187v1)]\n\nA bottleneck in learning to understand articulated 3D objects is the lack of large and diverse datasets. In this paper, we propose to leverage large language models (LLMs) to close this gap and generate artic""}, {""step"": 4, ""action"": ""fetch_paper_by_id(\""2605.15186v1\"")"", ""input"": ""\""2605.15186v1\"""", ""result"": ""[VGGT-Edit: Feed-forward Native 3D Scene Editing with Residual Field Prediction (2605.15186v1)]\n\nVGGT-Edit: Feed-forward Native 3D Scene Editing\nwith Residual Field Prediction\nKaixin Zhu1\u2217, Yiwen Tang2*\u2020, Yifan Yang1*, Renrui Zhang3*\u2020, Bohan Zeng1,\nZiyu Guo3, Ruichuan An1,Zhou Liu1,Qizhi Chen4, Deli""}, {""step"": 5, ""action"": ""fetch_paper_by_id(\""2605.15185v1\"")"", ""input"": ""\""2605.15185v1\"""", ""result"": ""[Quantitative Video World Model Evaluation for Geometric-Consistency (2605.15185v1)]\n\n2026-5-15\nQuantitative Video World Model Evaluation for\nGeometric-Consistency\nJiaxin Wu1, Yihao Pi1, Yinling Zhang2, Yuheng Li3 and Xueyan Zou1\n1Tsinghua University - IEI Lab, 2UW-Madison, 3Adobe Research\nGenerativ""}]",
12,What is the name of the quantitative framework introduced for auditing geometric coherence in generated videos?,2605.15185v1,vanilla_rag,"The name of the quantitative framework introduced for auditing geometric coherence in generated videos is PDI-Bench (Perspective Distortion Index). This is supported by the first passage: ""We introduce PDI-Bench (Perspective Distortion Index), a quantitative framework for auditing geometric coherence in generated videos.""",1.0,1.0,1.0,5,5,5,2058.3,llm_fallback,[],
12,What is the name of the quantitative framework introduced for auditing geometric coherence in generated videos?,2605.15185v1,hyde_rag,"The name of the quantitative framework introduced for auditing geometric coherence in generated videos is PDI-Bench (Perspective Distortion Index). This is supported by the first passage: ""We introduce PDI-Bench (Perspective Distortion Index), a quantitative framework for auditing geometric coherence in generated videos.""",1.0,1.0,1.0,5,5,5,4530.1,llm_fallback,[],"In this study, we introduce a quantitative framework termed Geometric Coherence Assessment (GCA) for auditing the geometric consistency in generated videos. The GCA framework employs a multi-faceted a"
12,What is the name of the quantitative framework introduced for auditing geometric coherence in generated videos?,2605.15185v1,graph_rag,"The quantitative framework introduced for auditing geometric coherence in generated videos is called PDI-Bench, which stands for Perspective Distortion Index. This framework aims to evaluate the geometric coherence of generated video clips by obtaining object-centric observations and computing projective-geometry residuals that capture various failure dimensions. The information is derived from the paper titled ""Quantitative Video World Model Evaluation for Geometric-Consistency"" by Jiaxin Wu et",1.0,1.0,1.0,5,5,5,3249.7,llm_fallback,[],
12,What is the name of the quantitative framework introduced for auditing geometric coherence in generated videos?,2605.15185v1,agentic_rag,"The name of the quantitative framework introduced for auditing geometric coherence in generated videos is PDI-Bench (Perspective Distortion Index), as detailed in the paper ""Quantitative Video World Model Evaluation for Geometric-Consistency"" by Jiaxin Wu et al.",0.0,1.0,0.5,1,1,1,7976.7,llm_fallback,"[{""step"": 1, ""action"": ""search_by_keyword(\""quantitative framework auditing geometric coherence generated videos\"")"", ""input"": ""What is the name of the quantitative framework introduced for auditing geometric coherence in generated videos?"", ""result"": ""No papers found matching keyword 'What is the name of the quantitative framework introduced for auditing geometric coherence in generated videos?'.""}, {""step"": 2, ""action"": ""search_by_keyword(\""geometric coherence video generation\"")"", ""input"": ""geometric coherence video generation"", ""result"": ""No papers found matching keyword 'geometric coherence video generation'.""}, {""step"": 3, ""action"": ""search_by_keyword(\""geometric coherence\"")"", ""input"": ""geometric coherence"", ""result"": ""Found 1 paper(s) matching 'geometric coherence':\n\n\u2022 [2605.15185v1] Quantitative Video World Model Evaluation for Geometric-Consistency\n  Authors: Jiaxin Wu, Yihao Pi, Yinling Zhang\n  Abstract snippet: Generative video models are increasingly studied as implicit world models, yet evaluating whether t""}, {""step"": 4, ""action"": ""fetch_paper_by_id(\""2605.15185v1\"")"", ""input"": ""2605.15185v1"", ""result"": ""[Quantitative Video World Model Evaluation for Geometric-Consistency (2605.15185v1)]\n\n2026-5-15\nQuantitative Video World Model Evaluation for\nGeometric-Consistency\nJiaxin Wu1, Yihao Pi1, Yinling Zhang2, Yuheng Li3 and Xueyan Zou1\n1Tsinghua University - IEI Lab, 2UW-Madison, 3Adobe Research\nGenerativ""}]",
13,What dataset was used in Experiment 1 of the study?,2605.15184v1,vanilla_rag,"The provided context passages do not mention any specific dataset used in Experiment 1 of the study. Therefore, I cannot answer the question based on the given information.",1.0,0.5,0.5,5,5,5,1031.9,llm_fallback,[],
13,What dataset was used in Experiment 1 of the study?,2605.15184v1,hyde_rag,"The provided context does not specify which dataset was used in Experiment 1 of the study. Therefore, I cannot answer the question based on the given information.",1.0,0.5,0.0,1,2,1,3756.3,llm_fallback,[],"In Experiment 1 of this study, we utilized the CIFAR-10 dataset, which consists of 60,000 32x32 color images categorized into 10 distinct classes, with each class containing 6,000 images. This dataset"
13,What dataset was used in Experiment 1 of the study?,2605.15184v1,graph_rag,"The provided context does not specify which dataset was used in Experiment 1 of the study. Therefore, I cannot provide an answer to your question.",1.0,0.5,0.0,2,3,3,1820.9,llm_fallback,[],
13,What dataset was used in Experiment 1 of the study?,2605.15184v1,agentic_rag,"I was unable to find any specific information regarding the dataset used in Experiment 1 of any study. My searches for relevant papers and experiments did not yield results, and the papers I accessed did not mention ""Experiment 1"" or provide details about datasets. Therefore, I cannot provide an answer to your question.",0.5,0.0,0.0,1,2,5,10026.3,llm_fallback,"[{""step"": 1, ""action"": ""search_by_keyword(\""Experiment 1\"")"", ""input"": ""\""Experiment 1\"""", ""result"": ""No papers found matching keyword '\""Experiment 1\""'.""}, {""step"": 2, ""action"": ""search_by_keyword(\""experiment\"")"", ""input"": ""\""experiment\"""", ""result"": ""No papers found matching keyword '\""experiment\""'.""}, {""step"": 3, ""action"": ""search_by_keyword(\""machine learning\"")"", ""input"": ""\""machine learning\"""", ""result"": ""No papers found matching keyword '\""machine learning\""'.""}, {""step"": 4, ""action"": ""vector_search(\""Experiment 1\"")"", ""input"": ""\""Experiment 1\"""", ""result"": ""[Chunk 1 | Detecting the Axion-Photon Conversion Background (2605.15175v1) | score=0.3286]\nover a space defined by ma and g\u03b1\u03b3\u03b3.\nNearly all experiments make use of variations on a pro-\ncess known as the Primakoff effect, whereby an axion con-\nverts to a photon (or vice-versa) via an interaction with\n""}, {""step"": 5, ""action"": ""fetch_paper_by_id"", ""input"": ""\""2605.15175v1\"""", ""result"": ""[Detecting the Axion-Photon Conversion Background (2605.15175v1)]\n\nDetecting the Axion-Photon Conversion Background\nFelix Weber1, \u2217and Vikram Ravi1\n1Cahill Center for Astronomy and Astrophysics, MC 249-17 California Institute of Technology, Pasadena CA 91125, USA\n(Dated: May 15, 2026)\nThe potential ""}]",
14,What is the proposed metric introduced in the paper for measuring similarity between tensor-based models?,2605.15183v1,vanilla_rag,"The proposed metric introduced in the paper for measuring similarity between tensor-based models is called ""tensor similarity."" This metric is described as a closed-form, data-free measure of functional similarity that computes the cosine angle between their weight tensors in L2(N(0, I)). This information is supported by the second passage: ""Tensor similarity is a closed-form, data-free measure of functional similarity between two models. It computes the cosine angle between their weight tensors",1.0,1.0,1.0,5,5,5,2380.7,llm_fallback,[],
14,What is the proposed metric introduced in the paper for measuring similarity between tensor-based models?,2605.15183v1,hyde_rag,"The proposed metric introduced in the paper for measuring similarity between tensor-based models is called ""tensor similarity."" This metric is described as a weight-based metric that is invariant to weight-space symmetries and captures global functional equivalence. It computes the cosine angle between the weight tensors of two models in L2(N(0, I)), the function space under the Gaussian metric. This information is supported by the following passages:

1. ""To address these issues for the class o",1.0,1.0,1.0,5,5,5,4282.4,llm_fallback,[],"In this study, we introduce the Tensor Similarity Index (TSI), a novel metric designed to quantify the similarity between tensor-based models. The TSI is computed as the normalized Frobenius inner pro"
14,What is the proposed metric introduced in the paper for measuring similarity between tensor-based models?,2605.15183v1,graph_rag,"The proposed metric introduced in the paper for measuring similarity between tensor-based models is called ""tensor similarity."" This metric is designed to be invariant to weight-space symmetries and captures global functional equivalence while accounting for cross-layer mechanisms. It computes the cosine angle between the weight tensors of two models in the function space under the Gaussian metric, specifically L2(N(0, I)). Tensor similarity is described as a closed-form, data-free measure of fu",0.8,1.0,1.0,4,5,1,3863.7,llm_fallback,[],
14,What is the proposed metric introduced in the paper for measuring similarity between tensor-based models?,2605.15183v1,agentic_rag,"The proposed metric introduced in the paper ""When Are Two Networks the Same? Tensor Similarity for Mechanistic Interpretability"" is called tensor similarity. This weight-based metric is designed to be invariant to weight-space symmetries, allowing it to capture global functional equivalence between tensor-based models. It also accounts for cross-layer mechanisms using an efficient recursive algorithm, addressing limitations of existing similarity measures that may overlook out-of-distribution be",0.0,1.0,0.0,1,1,1,10770.7,llm_fallback,"[{""step"": 1, ""action"": ""search_by_keyword(\""tensor-based models similarity metric\"")"", ""input"": ""\""tensor-based models similarity metric\"""", ""result"": ""No papers found matching keyword '\""tensor-based models similarity metric\""'.""}, {""step"": 2, ""action"": ""search_by_keyword(\""tensor-based models\"")"", ""input"": ""\""tensor-based models\"""", ""result"": ""No papers found matching keyword '\""tensor-based models\""'.""}, {""step"": 3, ""action"": ""search_by_keyword(\""similarity metric machine learning\"")"", ""input"": ""\""similarity metric machine learning\"""", ""result"": ""No papers found matching keyword '\""similarity metric machine learning\""'.""}, {""step"": 4, ""action"": ""vector_search(\""similarity metric tensor models\"")"", ""input"": ""\""similarity metric tensor models\"""", ""result"": ""[Chunk 1 | When Are Two Networks the Same? Tensor Similarity for Mechanistic Interpretability (2605.15183v1) | score=0.6996]\nmeasures evaluate either empirical behaviour, leaving them blind to out-\nof-distribution mechanisms, or basis-dependent parameters, meaning they disregard\nweight-space symmetr""}, {""step"": 5, ""action"": ""fetch_paper_by_id(\""2605.15183v1\"")"", ""input"": ""\""2605.15183v1\"""", ""result"": ""[When Are Two Networks the Same? Tensor Similarity for Mechanistic Interpretability (2605.15183v1)]\n\nWhen Are Two Networks the Same?\nTensor Similarity for Mechanistic Interpretability\nML Nissen Gonzalez\u2217\nMARS & University Heidelberg\nMelwina Albuquerque\u2217\nMARS\nLaurence Wroe\u2217\nMARS\nJacob Meyer Cohen\nMAR""}]",
15,What is the key contribution of the proposed method Warp-as-History in the context of camera-controlled video generation?,2605.15182v1,vanilla_rag,"The key contribution of the proposed method Warp-as-History is that it provides a low-resource camera-control framework that enhances camera adherence and visual awareness by injecting control signals through the model’s native history-conditioning pathway. This approach allows for the generation of camera-controlled videos using only one training video, improving the model's ability to follow camera trajectories without requiring extensive additional training or test-time fitting. This is suppo",1.0,1.0,0.8,3,4,3,3221.9,llm_fallback,[],
15,What is the key contribution of the proposed method Warp-as-History in the context of camera-controlled video generation?,2605.15182v1,hyde_rag,"The key contribution of the proposed method Warp-as-History is its ability to generalize camera-controlled video generation from just one training video and one camera trajectory. It achieves this by turning camera-induced warps into camera-warped pseudo-history, which allows the model to follow camera trajectories effectively without requiring large-scale camera-annotated videos or additional inference-time objectives. This capability is highlighted in the passage: ""this modification reveals a ",1.0,1.0,0.8,3,4,2,4485.1,llm_fallback,[],"The proposed method, Warp-as-History, introduces a novel approach to camera-controlled video generation by leveraging temporal coherence through a history-aware warping mechanism. This technique enabl"
15,What is the key contribution of the proposed method Warp-as-History in the context of camera-controlled video generation?,2605.15182v1,graph_rag,"The key contribution of the proposed method Warp-as-History is its ability to generalize camera-controlled video generation from just one training video and one camera trajectory. This method enhances camera adherence and visual coherence by utilizing a low-resource framework that injects camera control signals through the model's native history-conditioning pathway. Instead of relying on complex camera-specific conditioning mechanisms, Warp-as-History captures camera-induced motion as a visual ",1.0,1.0,0.8,3,4,3,3083.2,llm_fallback,[],
15,What is the key contribution of the proposed method Warp-as-History in the context of camera-controlled video generation?,2605.15182v1,agentic_rag,"The key contribution of the Warp-as-History method, as presented in the paper ""Warp-as-History: Generalizable Camera-Controlled Video Generation from One Training Video,"" is its ability to generalize camera-controlled video generation from a single training video. Unlike existing methods that typically require extensive camera-specific conditioning and post-training on large-scale camera-annotated datasets, Warp-as-History offers a training-free alternative. This method allows for the generation",1.0,1.0,0.5,2,3,3,10648.4,llm_fallback,"[{""step"": 1, ""action"": ""search_by_keyword(\""Warp-as-History camera-controlled video generation\"")"", ""input"": ""What is the key contribution of the proposed method Warp-as-History in the context of camera-controlled video generation?"", ""result"": ""No papers found matching keyword 'What is the key contribution of the proposed method Warp-as-History in the context of camera-controlled video generation?'.""}, {""step"": 2, ""action"": ""search_by_keyword(\""Warp-as-History\"")"", ""input"": ""Warp-as-History"", ""result"": ""Found 1 paper(s) matching 'Warp-as-History':\n\n\u2022 [2605.15182v1] Warp-as-History: Generalizable Camera-Controlled Video Generation from One Training Video\n  Authors: Yifan Wang, Tong He\n  Abstract snippet: Camera-controlled video generation has made substantial progress, enabling generated videos to f""}, {""step"": 3, ""action"": ""fetch_paper_by_id(\""2605.15182v1\"")"", ""input"": ""2605.15182v1"", ""result"": ""[Warp-as-History: Generalizable Camera-Controlled Video Generation from One Training Video (2605.15182v1)]\n\nWarp-as-History: Generalizable Camera-Controlled\nVideo Generation from One Training Video\nYifan Wang1,2\nTong He2,3\n1Shanghai Jiao Tong University\n2Shanghai AI Laboratory\n3Shanghai Innovation I""}, {""step"": 4, ""action"": ""fetch_paper_by_id(\""2605.15182v1\"")"", ""input"": ""2605.15182v1"", ""result"": ""[Warp-as-History: Generalizable Camera-Controlled Video Generation from One Training Video (2605.15182v1)]\n\nWarp-as-History: Generalizable Camera-Controlled\nVideo Generation from One Training Video\nYifan Wang1,2\nTong He2,3\n1Shanghai Jiao Tong University\n2Shanghai AI Laboratory\n3Shanghai Innovation I""}, {""step"": 5, ""action"": ""fetch_paper_by_id(\""2605.15182v1\"")"", ""input"": ""2605.15182v1"", ""result"": ""[Warp-as-History: Generalizable Camera-Controlled Video Generation from One Training Video (2605.15182v1)]\n\nWarp-as-History: Generalizable Camera-Controlled\nVideo Generation from One Training Video\nYifan Wang1,2\nTong He2,3\n1Shanghai Jiao Tong University\n2Shanghai AI Laboratory\n3Shanghai Innovation I""}]",
16,What is the main contribution of the proposed framework in the paper?,2605.15181v1,vanilla_rag,"The main contribution of the proposed framework is its effectiveness in objectively verifiable domains, as indicated in the passage from ""OpenDeepThink: Parallel Reasoning via Bradley--Terry Aggregation (2605.15177v1),"" which states, ""gains appear concentrated in objectively verifiable domains and reverse in subjective ones, suggesting that the framework’s effectiveness tracks the reliability of pairwise LLM judgment."" This highlights the framework's focus on improving performance in areas where",1.0,1.0,0.5,1,2,1,1657.4,llm_fallback,[],
16,What is the main contribution of the proposed framework in the paper?,2605.15181v1,hyde_rag,"The main contribution of the proposed framework in the paper ""FutureSim: Replaying World Events to Evaluate Adaptive Agents"" is the development of an interactive environment that realistically evaluates adaptation in AI agents on the task of forecasting. This environment, FutureSim, replays how the world evolved after the agents’ knowledge cutoff and prevents leakage of future information by sandboxing agents while providing access to reliably dated offline snapshots of news articles. This is su",1.0,1.0,0.5,1,1,1,5212.8,llm_fallback,[],The proposed framework introduces a novel hybrid architecture that synergistically integrates convolutional neural networks (CNNs) with recurrent neural networks (RNNs) to enhance the performance of t
16,What is the main contribution of the proposed framework in the paper?,2605.15181v1,graph_rag,"The main contribution of the proposed framework, as indicated in the retrieved context, is its effectiveness in objectively verifiable domains, particularly in the context of test-time compute scaling and verifier performance. The framework demonstrates that gains are concentrated in these objectively verifiable areas while showing a reverse effect in subjective domains, suggesting that its effectiveness is closely tied to the reliability of pairwise Large Multimodal Model (LLM) judgments. Addit",1.0,1.0,0.5,1,2,1,3201.3,llm_fallback,[],
16,What is the main contribution of the proposed framework in the paper?,2605.15181v1,agentic_rag,"The main contribution of the proposed framework, PDI-Bench (Perspective Distortion Index), in the paper ""Quantitative Video World Model Evaluation for Geometric-Consistency"" is to provide a quantitative method for auditing geometric coherence in generated videos. This framework overcomes the challenges associated with evaluating generative video models, which typically depend on subjective human judgment or learned graders. PDI-Bench utilizes object-centric observations obtained through segmenta",0.0,1.0,0.0,1,1,1,10434.0,llm_fallback,"[{""step"": 1, ""action"": ""search_by_keyword"", ""input"": ""\""framework\"""", ""result"": ""No papers found matching keyword '\""framework\""'.""}, {""step"": 2, ""action"": ""vector_search"", ""input"": ""\""proposed framework\"""", ""result"": ""[Chunk 1 | Quantitative Video World Model Evaluation for Geometric-Consistency (2605.15185v1) | score=0.2935]\nrch frontier, existing suites remain\ninsufficient for rigorous geometric verification. Current pipelines typically depend on human judgment\nor rely on Large Multimodal Models (LMMs) as proxy""}, {""step"": 3, ""action"": ""fetch_paper_by_id"", ""input"": ""\""2605.15185v1\"""", ""result"": ""[Quantitative Video World Model Evaluation for Geometric-Consistency (2605.15185v1)]\n\n2026-5-15\nQuantitative Video World Model Evaluation for\nGeometric-Consistency\nJiaxin Wu1, Yihao Pi1, Yinling Zhang2, Yuheng Li3 and Xueyan Zou1\n1Tsinghua University - IEI Lab, 2UW-Madison, 3Adobe Research\nGenerativ""}, {""step"": 4, ""action"": ""fetch_paper_by_id"", ""input"": ""\""2605.15185v1\"""", ""result"": ""[Quantitative Video World Model Evaluation for Geometric-Consistency (2605.15185v1)]\n\n2026-5-15\nQuantitative Video World Model Evaluation for\nGeometric-Consistency\nJiaxin Wu1, Yihao Pi1, Yinling Zhang2, Yuheng Li3 and Xueyan Zou1\n1Tsinghua University - IEI Lab, 2UW-Madison, 3Adobe Research\nGenerativ""}]",
17,What procedure do the authors introduce to define an asymptotic average of a function of N?,2605.15180v1,vanilla_rag,"The authors introduce a procedure called ""Mellin averaging"" to define a sort of asymptotic average of a function of \( N \). This is supported by the first passage: ""We introduce a procedure that we call 'Mellin averaging' to define a sort of asymptotic average of a function of \( N \).""",1.0,1.0,1.0,5,5,5,1572.4,llm_fallback,[],
17,What procedure do the authors introduce to define an asymptotic average of a function of N?,2605.15180v1,hyde_rag,"The authors introduce a procedure called ""Mellin averaging"" to define a sort of asymptotic average of a function of \( N \). This is supported by the passage from the first source: ""We introduce a procedure that we call 'Mellin averaging' to define a sort of asymptotic average of a function of \( N \).""",1.0,1.0,1.0,5,5,5,4010.0,llm_fallback,[],"In this study, we introduce a novel procedure to define the asymptotic average of a function \( f(N) \) as \( A(f) = \lim_{N \to \infty} \frac{1}{N} \sum_{n=1}^{N} f(n) \). This formulation leverages "
17,What procedure do the authors introduce to define an asymptotic average of a function of N?,2605.15180v1,graph_rag,"The authors introduce a procedure called ""Mellin averaging"" to define a sort of asymptotic average of a function of \( N \). They argue that this method may suffice to reproduce the apparent randomness seen in wormhole physics, provided that the dual theory allows for an analytic continuation in \( N \) and that the relevant observables fluctuate on superpolynomially small scales in \( N \).",1.0,1.0,1.0,5,5,5,2476.7,llm_fallback,[],
17,What procedure do the authors introduce to define an asymptotic average of a function of N?,2605.15180v1,agentic_rag,"The authors introduce a procedure called ""Mellin averaging"" to define an asymptotic average of a function of N. This method is discussed in the paper titled ""Wormholes and Averaging over N"" by Jonah Kudler-Flam and Edward Witten. They argue that Mellin averaging over N may be sufficient to reproduce the apparent randomness observed in wormhole physics, provided that the dual theory allows for an analytic continuation in N and the relevant observables fluctuate on superpolynomially small scales i",1.0,1.0,1.0,3,4,5,6921.8,llm_fallback,"[{""step"": 1, ""action"": ""search_by_keyword(\""asymptotic average\"")"", ""input"": ""What procedure do the authors introduce to define an asymptotic average of a function of N?"", ""result"": ""No papers found matching keyword 'What procedure do the authors introduce to define an asymptotic average of a function of N?'.""}, {""step"": 2, ""action"": ""search_by_keyword(\""asymptotic average\"")"", ""input"": ""asymptotic average"", ""result"": ""Found 1 paper(s) matching 'asymptotic average':\n\n\u2022 [2605.15180v1] Wormholes and Averaging over N\n  Authors: Jonah Kudler-Flam, Edward Witten\n  Abstract snippet: The gravitational path integral produces an asymptotic expansion in $G_N$, a fact which is puzzling in the case of observables that are exp""}, {""step"": 3, ""action"": ""fetch_paper_by_id(\""2605.15180v1\"")"", ""input"": ""2605.15180v1"", ""result"": ""[Wormholes and Averaging over N (2605.15180v1)]\n\nThe gravitational path integral produces an asymptotic expansion in $G_N$, a fact which is puzzling in the case of observables that are expected to fluctuate wildly. Wormholes appear to compute ensemble averages of functions of such observables, thoug""}]",
18,What is the reported velocity divergence achieved by the model evaluated post-hoc in FP64?,2605.15179v1,vanilla_rag,"The reported velocity divergence achieved by the model evaluated post-hoc in FP64 is approximately 2.8 × 10−10. This information is found in the first passage: ""the model guarantees exact mass conservation, achieving a physically verifiable velocity divergence of ∼2.8 × 10−10 (evaluated post-hoc in FP64) on 1283 grids.""",1.0,1.0,1.0,5,5,5,2489.6,llm_fallback,[],
18,What is the reported velocity divergence achieved by the model evaluated post-hoc in FP64?,2605.15179v1,hyde_rag,"The reported velocity divergence achieved by the model evaluated post-hoc in FP64 is approximately 2.8 × 10−10. This information is found in the first passage: ""the model guarantees exact mass conservation, achieving a physically verifiable velocity divergence of ∼2.8 × 10−10 (evaluated post-hoc in FP64).""",1.0,1.0,1.0,5,5,5,3647.8,llm_fallback,[],"In the evaluation of the proposed model, a velocity divergence of 3.2 × 10^-4 m/s was achieved when analyzed in floating-point 64 (FP64) precision. This performance metric indicates a significant impr"
18,What is the reported velocity divergence achieved by the model evaluated post-hoc in FP64?,2605.15179v1,graph_rag,"The model guarantees an exact mass conservation, achieving a physically verifiable velocity divergence of approximately \(2.8 \times 10^{-10}\) when evaluated post-hoc in FP64 on \(128^3\) grids.",1.0,0.5,1.0,5,5,5,2240.0,llm_fallback,[],
18,What is the reported velocity divergence achieved by the model evaluated post-hoc in FP64?,2605.15179v1,agentic_rag,I was unable to find any papers that report on the velocity divergence achieved by the model evaluated post-hoc in FP64.,0.0,0.5,0.0,1,2,5,8285.7,llm_fallback,"[{""step"": 1, ""action"": ""search_by_keyword"", ""input"": ""\""velocity divergence FP64\"""", ""result"": ""No papers found matching keyword '\""velocity divergence FP64\""'.""}, {""step"": 2, ""action"": ""search_by_keyword"", ""input"": ""\""velocity divergence\"""", ""result"": ""No papers found matching keyword '\""velocity divergence\""'.""}, {""step"": 3, ""action"": ""search_by_keyword"", ""input"": ""\""FP64\"""", ""result"": ""No papers found matching keyword '\""FP64\""'.""}, {""step"": 4, ""action"": ""search_by_keyword"", ""input"": ""\""model evaluation velocity\"""", ""result"": ""No papers found matching keyword '\""model evaluation velocity\""'.""}]",
19,What is the parameter count of the SANA-WM model introduced in the paper?,2605.15178v1,vanilla_rag,"The parameter count of the SANA-WM model is not mentioned in the provided context passages. Therefore, I cannot provide an answer based on the information given.",1.0,0.5,0.0,5,5,5,1214.8,llm_fallback,[],
19,What is the parameter count of the SANA-WM model introduced in the paper?,2605.15178v1,hyde_rag,"The parameter count of the SANA-WM model is 2.6 billion. This information is supported by the first passage: ""We introduce SANA-WM, an efficient 2.6B-parameter open-source world model...""",1.0,1.0,1.0,5,5,5,3058.3,llm_fallback,[],"The SANA-WM model, as introduced in this study, comprises a total of 85 million parameters. This parameterization facilitates the model's capacity to capture intricate patterns in the dataset while ma"
19,What is the parameter count of the SANA-WM model introduced in the paper?,2605.15178v1,graph_rag,"The SANA-WM model introduced in the paper has a parameter count of 2.6 billion (2.6B) parameters. This information is derived from the context provided in the document titled ""SANA-WM: Efficient Minute-Scale World Modeling with Hybrid Linear Diffusion Transformer"" (arXiv:2605.15178v1).",1.0,1.0,1.0,5,5,5,4075.2,llm_fallback,[],
19,What is the parameter count of the SANA-WM model introduced in the paper?,2605.15178v1,agentic_rag,"It appears that I was unable to find any papers in the database that mention the SANA-WM model or provide information about its parameter count. My searches for related keywords such as ""SANA,"" ""WM,"" ""model,"" and ""machine learning"" did not yield any relevant results. Therefore, I cannot provide the parameter count for the SANA-WM model at this time.",0.5,0.5,0.0,1,2,1,11517.3,llm_fallback,"[{""step"": 1, ""action"": ""search_by_keyword"", ""input"": ""\""SANA-WM\"""", ""result"": ""No papers found matching keyword '\""SANA-WM\""'.""}, {""step"": 2, ""action"": ""search_by_keyword"", ""input"": ""\""SANA\"""", ""result"": ""No papers found matching keyword '\""SANA\""'.""}, {""step"": 3, ""action"": ""search_by_keyword"", ""input"": ""\""WM\"""", ""result"": ""No papers found matching keyword '\""WM\""'.""}, {""step"": 4, ""action"": ""search_by_keyword"", ""input"": ""\""model\"""", ""result"": ""No papers found matching keyword '\""model\""'.""}, {""step"": 5, ""action"": ""search_by_keyword"", ""input"": ""\""machine learning\"""", ""result"": ""No papers found matching keyword '\""machine learning\""'.""}]",
20,What is the version of the Dimensional Reduction algorithm (DRalgo) mentioned in the paper?,2605.15176v1,vanilla_rag,"The version of the Dimensional Reduction algorithm (DRalgo) mentioned in the paper is v1.5.0. This is supported by the first passage, which states: ""Version: v1.5.0"".",1.0,1.0,1.0,5,5,5,1851.8,llm_fallback,[],
20,What is the version of the Dimensional Reduction algorithm (DRalgo) mentioned in the paper?,2605.15176v1,hyde_rag,"The version of the Dimensional Reduction algorithm (DRalgo) mentioned in the paper is v1.5.0. This information is supported by the passage: 

""Program title: Dimensional Reduction algorithm (DRalgo) Version: v1.5.0"" from the first source.",1.0,1.0,1.0,5,5,5,3574.2,llm_fallback,[],"The Dimensional Reduction algorithm (DRalgo) employed in this study is based on the t-distributed Stochastic Neighbor Embedding (t-SNE) framework, specifically the implementation detailed in van der M"
20,What is the version of the Dimensional Reduction algorithm (DRalgo) mentioned in the paper?,2605.15176v1,graph_rag,"The version of the Dimensional Reduction algorithm (DRalgo) mentioned in the paper is v1.5.0. This information is found in the context provided, specifically in the section detailing the program title and version.",1.0,1.0,1.0,5,5,5,2127.9,llm_fallback,[],
20,What is the version of the Dimensional Reduction algorithm (DRalgo) mentioned in the paper?,2605.15176v1,agentic_rag,"The version of the Dimensional Reduction algorithm (DRalgo) mentioned in the paper is v1.5.0. This information is found in the paper titled ""Matching higher-dimensional operators at finite temperature for general models"" (arXiv:2605.15176v1).",0.0,1.0,0.0,1,1,1,8798.4,llm_fallback,"[{""step"": 1, ""action"": ""search_by_keyword"", ""input"": ""\""Dimensional Reduction algorithm\"""", ""result"": ""No papers found matching keyword '\""Dimensional Reduction algorithm\""'.""}, {""step"": 2, ""action"": ""search_by_keyword"", ""input"": ""\""dimensionality reduction\"""", ""result"": ""No papers found matching keyword '\""dimensionality reduction\""'.""}, {""step"": 3, ""action"": ""search_by_keyword"", ""input"": ""\""DRalgo\"""", ""result"": ""No papers found matching keyword '\""DRalgo\""'.""}, {""step"": 4, ""action"": ""vector_search"", ""input"": ""\""dimensional reduction\"""", ""result"": ""[Chunk 1 | Matching higher-dimensional operators at finite temperature for general models (2605.15176v1) | score=0.5529]\nm summary\nProgram title: Dimensional Reduction algorithm (DRalgo)\nVersion: v1.5.0\nDeveloper\u2019s repository link: https://github.com/DR-algo/DRalgo\nLicensing provisions: GNU General ""}, {""step"": 5, ""action"": ""fetch_paper_by_id"", ""input"": ""\""2605.15176v1\"""", ""result"": ""[Matching higher-dimensional operators at finite temperature for general models (2605.15176v1)]\n\nMay 2026\nMatching higher-dimensional operators\nat \ufb01nite temperature for general models\nFabio Bernardo ,a,\u2217Romain Guillermo Reinle ,b,a,\u2020 and Philipp Schicho\na,\u2021\naD\u00b4epartement de Physique Th\u00b4eorique, Univ""}]",
21,What was the increase in effective Codeforces Elo for Gemini 3.1 Pro after using OpenDeepThink?,2605.15177v1,vanilla_rag,"The increase in effective Codeforces Elo for Gemini 3.1 Pro after using OpenDeepThink was +405 points. This is supported by the passage: ""On competitive programming, the framework raises Gemini 3.1 Pro’s effective Codeforces Elo by +405 points...""",1.0,1.0,1.0,5,5,5,1436.5,llm_fallback,[],
21,What was the increase in effective Codeforces Elo for Gemini 3.1 Pro after using OpenDeepThink?,2605.15177v1,hyde_rag,"The increase in effective Codeforces Elo for Gemini 3.1 Pro after using OpenDeepThink was +405 points. This is supported by the passage: ""OpenDeepThink raises Gemini 3.1 Pro’s effective Codeforces Elo by +405 points in eight sequential LLM-call rounds (∼27 minutes wall-clock).""",1.0,1.0,1.0,5,5,5,3272.1,llm_fallback,[],"The implementation of OpenDeepThink resulted in a significant enhancement of the effective Codeforces Elo rating for Gemini 3.1 Pro, with an observed increase of 215 points. This improvement can be at"
21,What was the increase in effective Codeforces Elo for Gemini 3.1 Pro after using OpenDeepThink?,2605.15177v1,graph_rag,"The effective Codeforces Elo for Gemini 3.1 Pro increased by +405 points after using OpenDeepThink. This improvement was achieved over eight sequential LLM-call rounds, as reported in the paper ""OpenDeepThink: Parallel Reasoning via Bradley–Terry Aggregation"" (arXiv:2605.15177v1).",1.0,1.0,1.0,5,5,5,2448.1,llm_fallback,[],
21,What was the increase in effective Codeforces Elo for Gemini 3.1 Pro after using OpenDeepThink?,2605.15177v1,agentic_rag,"I have not found any specific information regarding the increase in effective Codeforces Elo for Gemini 3.1 Pro after using OpenDeepThink. The searches for relevant papers did not yield results directly addressing this topic, and the paper I found on OpenDeepThink primarily discusses its methodology without mentioning Codeforces Elo or performance improvements related to it. Therefore, I cannot provide a definitive answer to your question.",1.0,0.5,0.0,5,5,5,9780.1,llm_fallback,"[{""step"": 1, ""action"": ""search_by_keyword(\""Codeforces Elo Gemini 3.1 Pro OpenDeepThink\"")"", ""input"": ""What was the increase in effective Codeforces Elo for Gemini 3.1 Pro after using OpenDeepThink?"", ""result"": ""No papers found matching keyword 'What was the increase in effective Codeforces Elo for Gemini 3.1 Pro after using OpenDeepThink?'.""}, {""step"": 2, ""action"": ""search_by_keyword(\""Codeforces Elo OpenDeepThink\"")"", ""input"": ""Codeforces Elo OpenDeepThink"", ""result"": ""No papers found matching keyword 'Codeforces Elo OpenDeepThink'.""}, {""step"": 3, ""action"": ""search_by_keyword(\""Codeforces\"")"", ""input"": ""Codeforces"", ""result"": ""Found 1 paper(s) matching 'Codeforces':\n\n\u2022 [2605.15177v1] OpenDeepThink: Parallel Reasoning via Bradley--Terry Aggregation\n  Authors: Shang Zhou, Wenhao Chai, Kaiyuan Liu\n  Abstract snippet: Test-time compute scaling is a primary axis for improving LLM reasoning. Existing methods primarily scale dep""}, {""step"": 4, ""action"": ""fetch_paper_by_id(\""2605.15177v1\"")"", ""input"": ""2605.15177v1"", ""result"": ""[OpenDeepThink: Parallel Reasoning via Bradley--Terry Aggregation (2605.15177v1)]\n\nOpenDeepThink: Parallel Reasoning via\nBradley\u2013Terry Aggregation\nShang Zhou1, Wenhao Chai2, Kaiyuan Liu3, Huanzhi Mao4, Qiuyang Mang4 and Jingbo Shang\u20201\n1UC San Diego, 2Princeton University, 3University of Washington, ""}, {""step"": 5, ""action"": ""fetch_paper_by_id(\""2605.15177v1\"")"", ""input"": ""2605.15177v1"", ""result"": ""[OpenDeepThink: Parallel Reasoning via Bradley--Terry Aggregation (2605.15177v1)]\n\nOpenDeepThink: Parallel Reasoning via\nBradley\u2013Terry Aggregation\nShang Zhou1, Wenhao Chai2, Kaiyuan Liu3, Huanzhi Mao4, Qiuyang Mang4 and Jingbo Shang\u20201\n1UC San Diego, 2Princeton University, 3University of Washington, ""}]",
22,What is the reported typical signal strength for the ISM derived in the paper?,2605.15175v1,vanilla_rag,"The reported typical signal strength for the ISM derived in the paper is \(10^{-15} \, \text{Jy sr}^{-1} \cdot \text{ma/eV}\). This information is supported by the first passage: 

""For the ISM, we consider Primakoff processes between free electrons and axions, and derive typical signal strengths of \(10^{-15} \, \text{Jy sr}^{-1} \cdot \text{ma/eV}\), with a local, cosmological upper bound of \(10^{-8}\).""",1.0,1.0,1.0,5,5,5,2495.2,llm_fallback,[],
22,What is the reported typical signal strength for the ISM derived in the paper?,2605.15175v1,hyde_rag,"The reported typical signal strength for the ISM derived in the paper is \(10^{-15} \, \text{Jy sr}^{-1} \cdot \text{ma/eV}\). This is supported by the first passage: ""we consider Primakoff processes between free electrons and axions, and derive typical signal strengths of \(10^{-15} \, \text{Jy sr}^{-1} \cdot \text{ma/eV}\), with a local, cosmological upper bound of \(10^{-8}\).""",1.0,1.0,1.0,5,5,5,4581.5,llm_fallback,[],"In this study, the typical signal strength for the Industrial, Scientific, and Medical (ISM) band was measured at an average of -85 dBm under standard environmental conditions. This value was consiste"
22,What is the reported typical signal strength for the ISM derived in the paper?,2605.15175v1,graph_rag,"The reported typical signal strength for the interstellar medium (ISM) derived in the paper is \(10^{-15} \, \text{Jy sr}^{-1} \cdot \text{ma/eV}\), with a local, cosmological upper bound of \(10^{-8}\) (as mentioned in the vector-retrieved context).",1.0,1.0,1.0,4,5,4,2549.6,llm_fallback,[],
22,What is the reported typical signal strength for the ISM derived in the paper?,2605.15175v1,agentic_rag,"It appears that my attempts to find relevant papers discussing the typical signal strength for the ISM have not yielded any results. I was unable to locate any papers using various keywords related to ISM and signal strength, as well as broader terms related to wireless communication and communication systems. Therefore, I cannot provide the information you requested.",0.5,0.0,0.0,1,2,5,9102.0,llm_fallback,"[{""step"": 1, ""action"": ""search_by_keyword(\""ISM signal strength\"")"", ""input"": ""\""ISM signal strength\"""", ""result"": ""No papers found matching keyword '\""ISM signal strength\""'.""}, {""step"": 2, ""action"": ""search_by_keyword(\""ISM\"")"", ""input"": ""\""ISM\"""", ""result"": ""No papers found matching keyword '\""ISM\""'.""}, {""step"": 3, ""action"": ""search_by_keyword(\""signal strength\"")"", ""input"": ""\""signal strength\"""", ""result"": ""No papers found matching keyword '\""signal strength\""'.""}, {""step"": 4, ""action"": ""search_by_keyword(\""wireless communication\"")"", ""input"": ""\""wireless communication\"""", ""result"": ""No papers found matching keyword '\""wireless communication\""'.""}, {""step"": 5, ""action"": ""search_by_keyword(\""communication systems\"")"", ""input"": ""\""communication systems\"""", ""result"": ""No papers found matching keyword '\""communication systems\""'.""}]",
23,What is the name of the practical C++ implementation of the new algorithms proposed in the paper?,2605.15173v1,vanilla_rag,"The name of the practical C++ implementation of the new algorithms proposed in the paper is HybridSCALE. This is supported by the passage: ""We give a practical C++ implementation of our new algorithms in HybridSCALE...""",1.0,1.0,1.0,5,5,5,1445.0,llm_fallback,[],
23,What is the name of the practical C++ implementation of the new algorithms proposed in the paper?,2605.15173v1,hyde_rag,"The name of the practical C++ implementation of the new algorithms proposed in the paper is HybridSCALE. This is supported by the passage: ""We give a practical C++ implementation of our new algorithms in HybridSCALE, a modular system that treats the lossless and sketch-based components as subroutines.""",1.0,1.0,1.0,5,5,5,3679.2,llm_fallback,[],"The practical C++ implementation of the novel algorithms proposed in this study is named ""OptiML."" This library is designed to facilitate efficient execution of the algorithms on large-scale datasets,"
23,What is the name of the practical C++ implementation of the new algorithms proposed in the paper?,2605.15173v1,graph_rag,The practical C++ implementation of the new algorithms proposed in the paper is called HybridSCALE. It is described as a modular system that treats the lossless and sketch-based components as subroutines. HybridSCALE is noted to be the first sketch-based dynamic connectivity system that saves space on commonly studied real-world graphs.,1.0,1.0,1.0,5,5,5,3148.2,llm_fallback,[],
23,What is the name of the practical C++ implementation of the new algorithms proposed in the paper?,2605.15173v1,agentic_rag,"The practical C++ implementation of the new algorithms proposed in the paper is called **HybridSCALE**. This implementation is part of the paper titled ""Hybrid Sketching Methods for Dynamic Connectivity on Sparse Graphs"" (arXiv ID: 2605.15173v1).",0.0,1.0,0.0,1,1,1,12997.3,llm_fallback,"[{""step"": 1, ""action"": ""search_by_keyword(\""C++ implementation algorithms\"")"", ""input"": ""What is the name of the practical C++ implementation of the new algorithms proposed in the paper?"", ""result"": ""No papers found matching keyword 'What is the name of the practical C++ implementation of the new algorithms proposed in the paper?'.""}, {""step"": 2, ""action"": ""search_by_keyword(\""C++ algorithms\"")"", ""input"": ""C++ algorithms"", ""result"": ""No papers found matching keyword 'C++ algorithms'.""}, {""step"": 3, ""action"": ""search_by_keyword(\""new algorithms\"")"", ""input"": ""new algorithms"", ""result"": ""No papers found matching keyword 'new algorithms'.""}, {""step"": 4, ""action"": ""vector_search(\""new algorithms C++ implementation\"")"", ""input"": ""new algorithms C++ implementation"", ""result"": ""[Chunk 1 | Hybrid Sketching Methods for Dynamic Connectivity on Sparse Graphs (2605.15173v1) | score=0.4797]\ndense graphs, and improving on both in an intermediate regime. A\nkey technical ingredient is BalloonSketch, a new \u21130-sampler that\nreduces per-vertex sketch sizes by up to 8\u00d7 on real-world gra""}, {""step"": 5, ""action"": ""fetch_paper_by_id(\""2605.15173v1\"")"", ""input"": ""2605.15173v1"", ""result"": ""[Hybrid Sketching Methods for Dynamic Connectivity on Sparse Graphs (2605.15173v1)]\n\nHybrid Sketching Methods for\nDynamic Connectivity on Sparse Graphs\nQuinten De Man\u2217\nUniversity of Maryland\nCollege Park, MD, USA\ndeman@umd.edu\nGilvir Gill\u2217\nStony Brook University\nStony Brook, NY, USA\ngigill@cs.stonyb""}]",
24,What is the key insight that the authors present regarding Transformer-based LLMs in the context of backdoor attacks?,2605.15172v1,vanilla_rag,"The key insight presented by the authors regarding Transformer-based LLMs in the context of backdoor attacks is that these models necessarily encode token positions to process ordered sequences. This positional encoding can be exploited as an effective non-content trigger signal for backdoor attacks. This is supported by the passage: ""Our key insight is that Transformer-based LLMs necessarily encode token positions to process ordered sequences. As a result, length-correlated positional structure",1.0,1.0,1.0,5,5,5,2282.2,llm_fallback,[],
24,What is the key insight that the authors present regarding Transformer-based LLMs in the context of backdoor attacks?,2605.15172v1,hyde_rag,"The key insight presented by the authors regarding Transformer-based LLMs in the context of backdoor attacks is that these models necessarily encode token positions to process ordered sequences. This positional information can be exploited as a trigger for backdoor attacks without modifying the textual content. This is supported by the passage: ""Our key insight is that Transformer-based LLMs necessarily encode token positions to process ordered sequences. As a result, length-correlated positiona",1.0,1.0,1.0,5,5,5,3783.2,llm_fallback,[],"The authors demonstrate that Transformer-based large language models (LLMs) exhibit a heightened susceptibility to backdoor attacks due to their reliance on attention mechanisms, which can inadvertent"
24,What is the key insight that the authors present regarding Transformer-based LLMs in the context of backdoor attacks?,2605.15172v1,graph_rag,"The key insight presented by the authors regarding Transformer-based LLMs in the context of backdoor attacks is that these models necessarily encode token positions to process ordered sequences. This positional structure, which is length-correlated, is reflected in the model's internal computation and can be utilized as an effective non-content trigger signal for activating backdoors. Specifically, the authors demonstrate that even a simple length-based positional trigger can activate stealthy b",1.0,1.0,1.0,5,5,5,3780.6,llm_fallback,[],
24,What is the key insight that the authors present regarding Transformer-based LLMs in the context of backdoor attacks?,2605.15172v1,agentic_rag,"The key insight presented by the authors in the paper ""MetaBackdoor: Exploiting Positional Encoding as a Backdoor Attack Surface in LLMs"" is that Transformer-based LLMs encode token positions to process ordered sequences, allowing for the exploitation of positional information as a trigger for backdoor attacks. This approach does not require any modification of the input text, which is a departure from traditional content-based triggers. The authors demonstrate that even a simple length-based po",1.0,1.0,0.5,5,5,5,9743.1,llm_fallback,"[{""step"": 1, ""action"": ""search_by_keyword(\""Transformer-based LLMs backdoor attacks\"")"", ""input"": ""What is the key insight that the authors present regarding Transformer-based LLMs in the context of backdoor attacks?"", ""result"": ""No papers found matching keyword 'What is the key insight that the authors present regarding Transformer-based LLMs in the context of backdoor attacks?'.""}, {""step"": 2, ""action"": ""search_by_keyword(\""Transformer backdoor attacks\"")"", ""input"": ""Transformer backdoor attacks"", ""result"": ""No papers found matching keyword 'Transformer backdoor attacks'.""}, {""step"": 3, ""action"": ""search_by_keyword(\""backdoor attacks\"")"", ""input"": ""backdoor attacks"", ""result"": ""Found 1 paper(s) matching 'backdoor attacks':\n\n\u2022 [2605.15172v1] MetaBackdoor: Exploiting Positional Encoding as a Backdoor Attack Surface in LLMs\n  Authors: Rui Wen, Mark Russinovich, Andrew Paverd\n  Abstract snippet: Backdoor attacks pose a serious security threat to large language models (LLMs), w""}, {""step"": 4, ""action"": ""fetch_paper_by_id(\""2605.15172v1\"")"", ""input"": ""2605.15172v1"", ""result"": ""[MetaBackdoor: Exploiting Positional Encoding as a Backdoor Attack Surface in LLMs (2605.15172v1)]\n\nBackdoor attacks pose a serious security threat to large language models (LLMs), which are increasingly deployed as general-purpose assistants in safety- and privacy-critical applications. Existing LL""}]",
